event_timestamp,created,driver_id,conv_rate,acc_rate,avg_daily_trips
2025-05-28T20:52:17.000+05:30,2025-05-28T12:00:00.000+05:30,1000,549.682,460.082,412
2025-05-28T12:44:22.000+05:30,2025-05-28T12:00:00.000+05:30,1000,764.738,740.857,505
2025-05-28T18:20:52.000+05:30,2025-05-28T12:00:00.000+05:30,1000,387.34,665.103,871
2025-05-28T02:22:02.000+05:30,2025-05-28T12:00:00.000+05:30,1000,452.248,616.6,245
2025-05-28T08:40:53.000+05:30,2025-05-28T12:00:00.000+05:30,1000,749.64,763.211,192
2025-05-28T21:07:17.000+05:30,2025-05-28T12:00:00.000+05:30,1000,381.441,557.617,137
2025-05-29T02:09:22.000+05:30,2025-05-29T12:00:00.000+05:30,1000,632.419,500.142,283
2025-05-29T11:11:40.000+05:30,2025-05-29T12:00:00.000+05:30,1000,592.793,729.729,734
2025-05-29T05:59:54.000+05:30,2025-05-29T12:00:00.000+05:30,1000,451.511,506.358,675
2025-05-29T22:11:55.000+05:30,2025-05-29T12:00:00.000+05:30,1000,486.095,587.124,600
2025-05-29T07:40:32.000+05:30,2025-05-29T12:00:00.000+05:30,1000,788.001,378.038,916
2025-05-30T03:09:37.000+05:30,2025-05-30T12:00:00.000+05:30,1000,302.064,739.785,424
2025-05-30T02:37:43.000+05:30,2025-05-30T12:00:00.000+05:30,1000,351.662,685.341,986
2025-05-31T16:33:15.000+05:30,2025-05-31T12:00:00.000+05:30,1000,674.333,585.891,228
2025-05-31T17:15:34.000+05:30,2025-05-31T12:00:00.000+05:30,1000,810.433,500.228,998
2025-05-31T13:11:56.000+05:30,2025-05-31T12:00:00.000+05:30,1000,687.132,305.305,197
2025-05-31T02:37:01.000+05:30,2025-05-31T12:00:00.000+05:30,1000,773.044,545.316,907
2025-05-31T19:38:51.000+05:30,2025-05-31T12:00:00.000+05:30,1000,419.545,640.006,619
2025-06-01T00:29:20.000+05:30,2025-06-01T12:00:00.000+05:30,1000,882.776,642.212,458
2025-06-01T08:39:13.000+05:30,2025-06-01T12:00:00.000+05:30,1000,519.122,467.439,979
2025-06-01T04:03:45.000+05:30,2025-06-01T12:00:00.000+05:30,1000,231.059,631.408,710
2025-06-02T06:22:52.000+05:30,2025-06-02T12:00:00.000+05:30,1000,559.434,649.297,477
2025-06-02T15:30:29.000+05:30,2025-06-02T12:00:00.000+05:30,1000,379.774,442.007,384
2025-06-02T06:21:28.000+05:30,2025-06-02T12:00:00.000+05:30,1000,833.279,780.557,693
2025-06-02T08:47:01.000+05:30,2025-06-02T12:00:00.000+05:30,1000,663.017,361.492,761
2025-06-02T08:50:36.000+05:30,2025-06-02T12:00:00.000+05:30,1000,693.299,349.718,530
2025-06-02T16:41:50.000+05:30,2025-06-02T12:00:00.000+05:30,1000,720.327,565.536,731
2025-06-02T21:48:07.000+05:30,2025-06-02T12:00:00.000+05:30,1000,202.318,775.405,700
2025-06-03T10:28:03.000+05:30,2025-06-03T12:00:00.000+05:30,1000,545.664,551.277,977
2025-06-03T17:42:40.000+05:30,2025-06-03T12:00:00.000+05:30,1000,432.984,562.767,118
2025-06-03T14:49:58.000+05:30,2025-06-03T12:00:00.000+05:30,1000,602.016,461.773,597
2025-06-03T05:13:02.000+05:30,2025-06-03T12:00:00.000+05:30,1000,410.794,622.144,161
2025-06-03T19:42:15.000+05:30,2025-06-03T12:00:00.000+05:30,1000,506.061,702.549,670
2025-06-03T11:47:13.000+05:30,2025-06-03T12:00:00.000+05:30,1000,423.079,706.677,357
2025-06-03T04:06:20.000+05:30,2025-06-03T12:00:00.000+05:30,1000,658.7,375.267,554
2025-06-03T00:38:05.000+05:30,2025-06-03T12:00:00.000+05:30,1000,760.847,392.55,263
2025-06-03T20:48:12.000+05:30,2025-06-03T12:00:00.000+05:30,1000,236.305,404.681,397
2025-06-04T11:26:30.000+05:30,2025-06-04T12:00:00.000+05:30,1000,700.105,370.171,972
2025-06-04T15:19:02.000+05:30,2025-06-04T12:00:00.000+05:30,1000,764.697,654.744,265
2025-06-04T09:13:32.000+05:30,2025-06-04T12:00:00.000+05:30,1000,688.192,340.637,784
2025-06-04T15:36:51.000+05:30,2025-06-04T12:00:00.000+05:30,1000,339.459,374.088,956
2025-06-05T18:36:52.000+05:30,2025-06-05T12:00:00.000+05:30,1000,777.666,462.797,930
2025-06-05T13:19:48.000+05:30,2025-06-05T12:00:00.000+05:30,1000,567.937,318.768,329
2025-06-05T12:37:23.000+05:30,2025-06-05T12:00:00.000+05:30,1000,814.707,690.657,333
2025-06-05T22:44:32.000+05:30,2025-06-05T12:00:00.000+05:30,1000,899.581,472.705,861
2025-06-05T11:18:02.000+05:30,2025-06-05T12:00:00.000+05:30,1000,616.962,378.084,996
2025-06-06T11:04:02.000+05:30,2025-06-06T12:00:00.000+05:30,1000,449.923,659.557,683
2025-06-06T23:52:00.000+05:30,2025-06-06T12:00:00.000+05:30,1000,365.124,310.871,861
2025-06-06T15:22:45.000+05:30,2025-06-06T12:00:00.000+05:30,1000,746.368,656.995,953
2025-06-06T08:27:35.000+05:30,2025-06-06T12:00:00.000+05:30,1000,668.02,708.011,664
2025-06-06T06:26:51.000+05:30,2025-06-06T12:00:00.000+05:30,1000,663.814,739.108,519
2025-06-06T06:39:07.000+05:30,2025-06-06T12:00:00.000+05:30,1000,846.41,766.357,503
2025-06-06T15:43:05.000+05:30,2025-06-06T12:00:00.000+05:30,1000,595.455,351.157,978
2025-06-06T00:04:58.000+05:30,2025-06-06T12:00:00.000+05:30,1000,467.766,531.578,712
2025-06-07T10:06:15.000+05:30,2025-06-07T12:00:00.000+05:30,1000,678.486,684.438,119
2025-06-07T19:00:29.000+05:30,2025-06-07T12:00:00.000+05:30,1000,526.214,775.972,717
2025-06-07T19:05:29.000+05:30,2025-06-07T12:00:00.000+05:30,1000,487.202,401.76,174
2025-06-07T09:21:54.000+05:30,2025-06-07T12:00:00.000+05:30,1000,667.334,440.071,333
2025-06-07T07:59:10.000+05:30,2025-06-07T12:00:00.000+05:30,1000,739.359,729.841,487
2025-06-07T17:13:13.000+05:30,2025-06-07T12:00:00.000+05:30,1000,660.36,485.938,386
2025-06-07T02:14:37.000+05:30,2025-06-07T12:00:00.000+05:30,1000,735.938,546.156,906
2025-06-07T21:46:41.000+05:30,2025-06-07T12:00:00.000+05:30,1000,436.449,609.31,769
2025-06-08T21:58:29.000+05:30,2025-06-08T12:00:00.000+05:30,1000,222.991,592.456,337
2025-06-09T14:10:40.000+05:30,2025-06-09T12:00:00.000+05:30,1000,835.788,786.65,895
2025-06-09T20:21:55.000+05:30,2025-06-09T12:00:00.000+05:30,1000,217.057,699.526,715
2025-06-09T11:56:50.000+05:30,2025-06-09T12:00:00.000+05:30,1000,891.321,755.919,197
2025-06-09T11:33:16.000+05:30,2025-06-09T12:00:00.000+05:30,1000,332.585,752.53,914
2025-06-09T16:22:10.000+05:30,2025-06-09T12:00:00.000+05:30,1000,373.801,414.973,416
2025-06-09T12:45:03.000+05:30,2025-06-09T12:00:00.000+05:30,1000,211.416,617.894,918
2025-06-09T07:59:53.000+05:30,2025-06-09T12:00:00.000+05:30,1000,325.875,533.747,844
2025-06-09T21:15:34.000+05:30,2025-06-09T12:00:00.000+05:30,1000,728.704,776.476,949
2025-06-09T09:38:53.000+05:30,2025-06-09T12:00:00.000+05:30,1000,592.94,411.255,793
2025-06-10T12:44:28.000+05:30,2025-06-10T12:00:00.000+05:30,1000,707.939,736.055,165
2025-06-11T16:49:34.000+05:30,2025-06-11T12:00:00.000+05:30,1000,346.304,792.405,586
2025-06-11T08:21:01.000+05:30,2025-06-11T12:00:00.000+05:30,1000,742.275,649.948,748
2025-06-12T04:56:45.000+05:30,2025-06-12T12:00:00.000+05:30,1000,468.649,492.911,794
2025-06-12T20:08:31.000+05:30,2025-06-12T12:00:00.000+05:30,1000,700.668,506.975,294
2025-06-13T03:39:06.000+05:30,2025-06-13T12:00:00.000+05:30,1000,234.077,452.788,830
2025-06-13T06:30:12.000+05:30,2025-06-13T12:00:00.000+05:30,1000,528.153,430.001,773
2025-06-13T01:33:12.000+05:30,2025-06-13T12:00:00.000+05:30,1000,450.57,617.81,368
2025-06-13T21:53:05.000+05:30,2025-06-13T12:00:00.000+05:30,1000,799.773,419.352,466
2025-06-13T20:49:23.000+05:30,2025-06-13T12:00:00.000+05:30,1000,776.948,502.011,525
2025-06-13T18:02:42.000+05:30,2025-06-13T12:00:00.000+05:30,1000,786.308,489.8,982
2025-06-13T13:05:08.000+05:30,2025-06-13T12:00:00.000+05:30,1000,625.494,384.308,198
2025-06-13T14:55:15.000+05:30,2025-06-13T12:00:00.000+05:30,1000,216.332,729.003,365
2025-06-14T23:45:06.000+05:30,2025-06-14T12:00:00.000+05:30,1000,235.527,690.383,535
2025-06-14T05:19:23.000+05:30,2025-06-14T12:00:00.000+05:30,1000,651.324,610.177,548
2025-06-14T21:27:17.000+05:30,2025-06-14T12:00:00.000+05:30,1000,611.172,480.284,145
2025-06-14T11:44:59.000+05:30,2025-06-14T12:00:00.000+05:30,1000,367.71,648.478,515
2025-06-14T12:36:15.000+05:30,2025-06-14T12:00:00.000+05:30,1000,370.914,338.82,540
2025-06-15T11:16:10.000+05:30,2025-06-15T12:00:00.000+05:30,1000,334.279,457.962,518
2025-06-15T17:41:11.000+05:30,2025-06-15T12:00:00.000+05:30,1000,441.937,476.275,568
2025-06-15T08:57:49.000+05:30,2025-06-15T12:00:00.000+05:30,1000,263.666,663.2,787
2025-06-15T06:48:51.000+05:30,2025-06-15T12:00:00.000+05:30,1000,668.144,497.642,453
2025-06-15T01:55:38.000+05:30,2025-06-15T12:00:00.000+05:30,1000,205.191,767.555,454
2025-06-15T02:05:15.000+05:30,2025-06-15T12:00:00.000+05:30,1000,278.902,416.079,966
2025-06-15T00:21:02.000+05:30,2025-06-15T12:00:00.000+05:30,1000,870.426,782.49,804
2025-06-15T02:02:07.000+05:30,2025-06-15T12:00:00.000+05:30,1000,210.96,403.756,238
2025-06-16T21:32:13.000+05:30,2025-06-16T12:00:00.000+05:30,1000,555.615,403.728,223
2025-06-16T20:21:45.000+05:30,2025-06-16T12:00:00.000+05:30,1000,343.952,461.986,176
2025-06-16T21:40:07.000+05:30,2025-06-16T12:00:00.000+05:30,1000,338.356,473.284,817
2025-06-16T00:17:53.000+05:30,2025-06-16T12:00:00.000+05:30,1000,243.588,425.824,357
2025-06-16T02:05:56.000+05:30,2025-06-16T12:00:00.000+05:30,1000,838.17,566.577,655
2025-06-17T15:34:55.000+05:30,2025-06-17T12:00:00.000+05:30,1000,792.516,323.602,496
2025-06-17T19:38:02.000+05:30,2025-06-17T12:00:00.000+05:30,1000,741.445,740.272,123
2025-06-17T05:09:41.000+05:30,2025-06-17T12:00:00.000+05:30,1000,766.591,390.598,696
2025-06-17T04:40:55.000+05:30,2025-06-17T12:00:00.000+05:30,1000,490.384,344.146,892
2025-06-17T01:17:40.000+05:30,2025-06-17T12:00:00.000+05:30,1000,531.933,732.587,961
2025-06-18T08:36:41.000+05:30,2025-06-18T12:00:00.000+05:30,1000,794.092,716.912,124
2025-06-18T22:38:39.000+05:30,2025-06-18T12:00:00.000+05:30,1000,423.559,507.987,431
2025-06-18T22:14:37.000+05:30,2025-06-18T12:00:00.000+05:30,1000,489.818,784.669,745
2025-06-18T02:28:07.000+05:30,2025-06-18T12:00:00.000+05:30,1000,351.032,476.908,807
2025-06-18T16:57:14.000+05:30,2025-06-18T12:00:00.000+05:30,1000,248.17,478.99,312
2025-06-18T21:11:47.000+05:30,2025-06-18T12:00:00.000+05:30,1000,255.227,744.878,614
2025-06-18T05:24:01.000+05:30,2025-06-18T12:00:00.000+05:30,1000,378.676,731.43,614
2025-06-18T06:43:33.000+05:30,2025-06-18T12:00:00.000+05:30,1000,839.138,378.325,699
2025-06-19T00:58:52.000+05:30,2025-06-19T12:00:00.000+05:30,1000,482.364,591.225,116
2025-06-20T23:10:18.000+05:30,2025-06-20T12:00:00.000+05:30,1000,792.302,422.85,459
2025-06-20T09:06:32.000+05:30,2025-06-20T12:00:00.000+05:30,1000,441.037,363.262,543
2025-06-20T16:21:28.000+05:30,2025-06-20T12:00:00.000+05:30,1000,680.339,359.075,989
2025-06-20T05:53:17.000+05:30,2025-06-20T12:00:00.000+05:30,1000,351.864,449.429,127
2025-06-20T13:17:27.000+05:30,2025-06-20T12:00:00.000+05:30,1000,566.457,649.884,834
2025-06-21T10:45:32.000+05:30,2025-06-21T12:00:00.000+05:30,1000,659.937,556.051,617
2025-06-22T08:02:59.000+05:30,2025-06-22T12:00:00.000+05:30,1000,473.351,527.565,708
2025-06-22T07:31:23.000+05:30,2025-06-22T12:00:00.000+05:30,1000,676.021,791.225,444
2025-06-22T21:59:01.000+05:30,2025-06-22T12:00:00.000+05:30,1000,807.533,515.264,627
2025-06-22T08:07:56.000+05:30,2025-06-22T12:00:00.000+05:30,1000,200.662,583.371,297
2025-06-23T04:26:16.000+05:30,2025-06-23T12:00:00.000+05:30,1000,499.613,771.404,912
2025-06-23T07:55:29.000+05:30,2025-06-23T12:00:00.000+05:30,1000,829.414,455.33,623
2025-06-23T01:25:22.000+05:30,2025-06-23T12:00:00.000+05:30,1000,227.636,693.442,944
2025-06-23T22:59:00.000+05:30,2025-06-23T12:00:00.000+05:30,1000,230.635,562.529,355
2025-06-23T19:44:16.000+05:30,2025-06-23T12:00:00.000+05:30,1000,663.391,710.256,650
2025-06-23T21:42:13.000+05:30,2025-06-23T12:00:00.000+05:30,1000,404.481,797.013,635
2025-06-24T05:54:40.000+05:30,2025-06-24T12:00:00.000+05:30,1000,514.186,300.853,651
2025-06-24T01:47:53.000+05:30,2025-06-24T12:00:00.000+05:30,1000,352.763,586.941,361
2025-06-24T17:07:18.000+05:30,2025-06-24T12:00:00.000+05:30,1000,591.781,767.492,135
2025-06-24T08:53:23.000+05:30,2025-06-24T12:00:00.000+05:30,1000,729.84,713.3,357
2025-06-24T06:11:10.000+05:30,2025-06-24T12:00:00.000+05:30,1000,403.224,660.704,271
2025-06-25T14:00:14.000+05:30,2025-06-25T12:00:00.000+05:30,1000,716.727,739.618,680
2025-06-25T14:56:54.000+05:30,2025-06-25T12:00:00.000+05:30,1000,371.978,771.536,778
2025-06-25T02:34:40.000+05:30,2025-06-25T12:00:00.000+05:30,1000,478.278,738.392,135
2025-06-25T21:33:42.000+05:30,2025-06-25T12:00:00.000+05:30,1000,527.917,446.306,218
2025-06-25T13:19:13.000+05:30,2025-06-25T12:00:00.000+05:30,1000,786.262,518.929,562
2025-06-25T13:53:40.000+05:30,2025-06-25T12:00:00.000+05:30,1000,368.55,378.559,400
2025-06-26T15:03:23.000+05:30,2025-06-26T12:00:00.000+05:30,1000,837.974,528.767,558
2025-06-26T09:05:07.000+05:30,2025-06-26T12:00:00.000+05:30,1000,768.086,359.048,454
2025-06-26T09:04:35.000+05:30,2025-06-26T12:00:00.000+05:30,1000,789.383,300.673,159
2025-06-26T08:48:51.000+05:30,2025-06-26T12:00:00.000+05:30,1000,428.746,592.02,986
2025-05-28T10:44:10.000+05:30,2025-05-28T12:00:00.000+05:30,1001,686.615,361.732,910
2025-05-28T08:37:47.000+05:30,2025-05-28T12:00:00.000+05:30,1001,281.602,736.947,877
2025-05-28T20:07:49.000+05:30,2025-05-28T12:00:00.000+05:30,1001,875.088,367.626,561
2025-05-28T06:38:46.000+05:30,2025-05-28T12:00:00.000+05:30,1001,818.854,335.3,157
2025-05-29T16:45:10.000+05:30,2025-05-29T12:00:00.000+05:30,1001,859.68,641.96,320
2025-05-29T01:05:49.000+05:30,2025-05-29T12:00:00.000+05:30,1001,389.917,632.364,959
2025-05-29T20:44:33.000+05:30,2025-05-29T12:00:00.000+05:30,1001,224.049,496.81,166
2025-05-29T18:56:27.000+05:30,2025-05-29T12:00:00.000+05:30,1001,422.02,467.532,982
2025-05-29T16:11:45.000+05:30,2025-05-29T12:00:00.000+05:30,1001,709.552,733.283,955
2025-05-29T01:42:32.000+05:30,2025-05-29T12:00:00.000+05:30,1001,478.712,350.391,832
2025-05-29T19:39:29.000+05:30,2025-05-29T12:00:00.000+05:30,1001,700.599,334.427,530
2025-05-29T10:51:06.000+05:30,2025-05-29T12:00:00.000+05:30,1001,226.268,727.406,534
2025-05-30T02:59:41.000+05:30,2025-05-30T12:00:00.000+05:30,1001,772.296,356.435,450
2025-05-30T13:01:04.000+05:30,2025-05-30T12:00:00.000+05:30,1001,329.178,598.686,797
2025-05-30T17:10:27.000+05:30,2025-05-30T12:00:00.000+05:30,1001,614.869,719.541,352
2025-05-31T05:54:48.000+05:30,2025-05-31T12:00:00.000+05:30,1001,310.62,413.489,700
2025-05-31T10:31:01.000+05:30,2025-05-31T12:00:00.000+05:30,1001,531.202,527.277,855
2025-05-31T15:18:08.000+05:30,2025-05-31T12:00:00.000+05:30,1001,575.236,407.634,489
2025-05-31T10:36:18.000+05:30,2025-05-31T12:00:00.000+05:30,1001,827.292,636.584,472
2025-05-31T21:40:40.000+05:30,2025-05-31T12:00:00.000+05:30,1001,408.917,596.728,594
2025-06-01T13:34:40.000+05:30,2025-06-01T12:00:00.000+05:30,1001,420.878,434.356,462
2025-06-01T18:28:59.000+05:30,2025-06-01T12:00:00.000+05:30,1001,796.577,508.858,633
2025-06-02T07:00:47.000+05:30,2025-06-02T12:00:00.000+05:30,1001,201.019,473.354,644
2025-06-02T22:37:20.000+05:30,2025-06-02T12:00:00.000+05:30,1001,760.935,491.861,492
2025-06-02T16:00:26.000+05:30,2025-06-02T12:00:00.000+05:30,1001,774.82,632.14,125
2025-06-02T01:31:11.000+05:30,2025-06-02T12:00:00.000+05:30,1001,647.815,351.974,120
2025-06-03T19:36:30.000+05:30,2025-06-03T12:00:00.000+05:30,1001,215.625,663.345,261
2025-06-03T02:42:40.000+05:30,2025-06-03T12:00:00.000+05:30,1001,705.23,505.055,492
2025-06-04T22:40:39.000+05:30,2025-06-04T12:00:00.000+05:30,1001,694.767,367.55,373
2025-06-05T08:44:13.000+05:30,2025-06-05T12:00:00.000+05:30,1001,245.785,746.25,195
2025-06-05T21:45:28.000+05:30,2025-06-05T12:00:00.000+05:30,1001,465.683,797.033,557
2025-06-05T17:00:58.000+05:30,2025-06-05T12:00:00.000+05:30,1001,532.516,707.984,417
2025-06-05T21:49:46.000+05:30,2025-06-05T12:00:00.000+05:30,1001,215.203,572.756,619
2025-06-05T05:33:53.000+05:30,2025-06-05T12:00:00.000+05:30,1001,356.456,381.148,299
2025-06-06T08:00:21.000+05:30,2025-06-06T12:00:00.000+05:30,1001,509.367,780.462,752
2025-06-07T07:46:26.000+05:30,2025-06-07T12:00:00.000+05:30,1001,290.518,546.358,297
2025-06-07T16:14:17.000+05:30,2025-06-07T12:00:00.000+05:30,1001,532.596,681.695,468
2025-06-07T06:53:13.000+05:30,2025-06-07T12:00:00.000+05:30,1001,247.266,481.917,385
2025-06-07T20:12:23.000+05:30,2025-06-07T12:00:00.000+05:30,1001,798.911,587.228,952
2025-06-08T15:53:46.000+05:30,2025-06-08T12:00:00.000+05:30,1001,471.06,361.267,435
2025-06-08T22:44:39.000+05:30,2025-06-08T12:00:00.000+05:30,1001,653.319,566.121,102
2025-06-09T07:10:08.000+05:30,2025-06-09T12:00:00.000+05:30,1001,308.68,686.79,901
2025-06-09T21:04:41.000+05:30,2025-06-09T12:00:00.000+05:30,1001,641.949,799.963,977
2025-06-09T19:37:32.000+05:30,2025-06-09T12:00:00.000+05:30,1001,250.412,328.226,923
2025-06-10T22:34:30.000+05:30,2025-06-10T12:00:00.000+05:30,1001,822.835,601.866,837
2025-06-10T18:38:03.000+05:30,2025-06-10T12:00:00.000+05:30,1001,427.185,527.439,472
2025-06-10T03:01:15.000+05:30,2025-06-10T12:00:00.000+05:30,1001,327.407,635.204,870
2025-06-10T12:42:29.000+05:30,2025-06-10T12:00:00.000+05:30,1001,881.678,476.097,407
2025-06-10T00:35:22.000+05:30,2025-06-10T12:00:00.000+05:30,1001,892.935,423.677,602
2025-06-10T08:28:33.000+05:30,2025-06-10T12:00:00.000+05:30,1001,345.892,773.27,309
2025-06-10T19:12:09.000+05:30,2025-06-10T12:00:00.000+05:30,1001,627.851,322.436,648
2025-06-11T18:53:04.000+05:30,2025-06-11T12:00:00.000+05:30,1001,238.756,532.183,669
2025-06-11T21:54:15.000+05:30,2025-06-11T12:00:00.000+05:30,1001,409.867,576.002,205
2025-06-11T08:28:36.000+05:30,2025-06-11T12:00:00.000+05:30,1001,796.339,476.003,538
2025-06-11T01:28:19.000+05:30,2025-06-11T12:00:00.000+05:30,1001,632.771,523.066,239
2025-06-11T11:03:37.000+05:30,2025-06-11T12:00:00.000+05:30,1001,250.571,651.734,840
2025-06-11T05:08:47.000+05:30,2025-06-11T12:00:00.000+05:30,1001,365.949,766.355,917
2025-06-11T19:33:27.000+05:30,2025-06-11T12:00:00.000+05:30,1001,458.642,462.289,609
2025-06-11T01:07:00.000+05:30,2025-06-11T12:00:00.000+05:30,1001,254.025,304.404,445
2025-06-12T15:11:52.000+05:30,2025-06-12T12:00:00.000+05:30,1001,574.22,526.661,259
2025-06-13T15:30:18.000+05:30,2025-06-13T12:00:00.000+05:30,1001,693.392,697.747,359
2025-06-13T07:10:05.000+05:30,2025-06-13T12:00:00.000+05:30,1001,576.079,433.391,102
2025-06-14T00:35:03.000+05:30,2025-06-14T12:00:00.000+05:30,1001,364.766,399.647,286
2025-06-14T09:52:02.000+05:30,2025-06-14T12:00:00.000+05:30,1001,823.067,538.298,918
2025-06-14T09:20:16.000+05:30,2025-06-14T12:00:00.000+05:30,1001,267.562,576.174,552
2025-06-14T10:32:02.000+05:30,2025-06-14T12:00:00.000+05:30,1001,475.495,531.6,571
2025-06-14T21:21:30.000+05:30,2025-06-14T12:00:00.000+05:30,1001,590.205,321.873,519
2025-06-14T03:02:14.000+05:30,2025-06-14T12:00:00.000+05:30,1001,667.2,470.724,132
2025-06-14T18:55:27.000+05:30,2025-06-14T12:00:00.000+05:30,1001,615.462,566.884,463
2025-06-14T01:16:51.000+05:30,2025-06-14T12:00:00.000+05:30,1001,648.825,349.638,236
2025-06-15T06:35:57.000+05:30,2025-06-15T12:00:00.000+05:30,1001,566.085,645.641,398
2025-06-16T04:56:03.000+05:30,2025-06-16T12:00:00.000+05:30,1001,603.619,334.274,698
2025-06-16T12:21:03.000+05:30,2025-06-16T12:00:00.000+05:30,1001,214.562,396.841,520
2025-06-17T18:29:18.000+05:30,2025-06-17T12:00:00.000+05:30,1001,293.088,796.031,219
2025-06-17T06:39:29.000+05:30,2025-06-17T12:00:00.000+05:30,1001,828.544,327.408,387
2025-06-17T14:23:41.000+05:30,2025-06-17T12:00:00.000+05:30,1001,637.952,613.941,292
2025-06-17T16:18:10.000+05:30,2025-06-17T12:00:00.000+05:30,1001,893.315,315.361,588
2025-06-17T12:48:29.000+05:30,2025-06-17T12:00:00.000+05:30,1001,353.625,713.19,773
2025-06-17T18:03:10.000+05:30,2025-06-17T12:00:00.000+05:30,1001,282.314,409.941,506
2025-06-18T14:15:14.000+05:30,2025-06-18T12:00:00.000+05:30,1001,472.679,694.533,865
2025-06-18T19:15:28.000+05:30,2025-06-18T12:00:00.000+05:30,1001,793.357,375.674,506
2025-06-18T23:58:49.000+05:30,2025-06-18T12:00:00.000+05:30,1001,764.357,413.855,933
2025-06-18T19:05:59.000+05:30,2025-06-18T12:00:00.000+05:30,1001,512.322,646.161,527
2025-06-18T03:57:22.000+05:30,2025-06-18T12:00:00.000+05:30,1001,666.432,483.364,535
2025-06-19T23:57:58.000+05:30,2025-06-19T12:00:00.000+05:30,1001,781.883,634.685,751
2025-06-19T17:33:31.000+05:30,2025-06-19T12:00:00.000+05:30,1001,514.772,502.902,782
2025-06-19T09:36:52.000+05:30,2025-06-19T12:00:00.000+05:30,1001,599.446,391.953,185
2025-06-19T21:05:54.000+05:30,2025-06-19T12:00:00.000+05:30,1001,896.73,310.185,967
2025-06-20T13:15:05.000+05:30,2025-06-20T12:00:00.000+05:30,1001,266.39,647.766,280
2025-06-20T04:41:00.000+05:30,2025-06-20T12:00:00.000+05:30,1001,348.697,638.367,448
2025-06-20T07:22:15.000+05:30,2025-06-20T12:00:00.000+05:30,1001,433.871,375.563,980
2025-06-20T16:17:28.000+05:30,2025-06-20T12:00:00.000+05:30,1001,509.276,735.476,675
2025-06-20T07:34:26.000+05:30,2025-06-20T12:00:00.000+05:30,1001,551.999,545.042,325
2025-06-20T05:49:03.000+05:30,2025-06-20T12:00:00.000+05:30,1001,373.951,340.928,361
2025-06-20T01:07:58.000+05:30,2025-06-20T12:00:00.000+05:30,1001,835.292,642.253,415
2025-06-20T22:00:34.000+05:30,2025-06-20T12:00:00.000+05:30,1001,555.565,788.672,614
2025-06-21T07:28:33.000+05:30,2025-06-21T12:00:00.000+05:30,1001,427.027,603.649,817
2025-06-21T17:18:38.000+05:30,2025-06-21T12:00:00.000+05:30,1001,732.756,377.771,221
2025-06-21T05:49:15.000+05:30,2025-06-21T12:00:00.000+05:30,1001,806.454,454.178,557
2025-06-22T09:33:18.000+05:30,2025-06-22T12:00:00.000+05:30,1001,809.898,513.722,425
2025-06-22T02:50:20.000+05:30,2025-06-22T12:00:00.000+05:30,1001,815.18,406.532,650
2025-06-22T23:33:38.000+05:30,2025-06-22T12:00:00.000+05:30,1001,415.416,644.375,486
2025-06-22T18:58:24.000+05:30,2025-06-22T12:00:00.000+05:30,1001,604.424,514.054,761
2025-06-22T23:46:15.000+05:30,2025-06-22T12:00:00.000+05:30,1001,605.292,568.276,554
2025-06-22T03:21:22.000+05:30,2025-06-22T12:00:00.000+05:30,1001,760.721,717.319,689
2025-06-22T03:57:01.000+05:30,2025-06-22T12:00:00.000+05:30,1001,868.146,635.893,290
2025-06-22T09:37:04.000+05:30,2025-06-22T12:00:00.000+05:30,1001,874.523,303.757,659
2025-06-22T19:18:03.000+05:30,2025-06-22T12:00:00.000+05:30,1001,304.884,619.984,423
2025-06-23T23:20:44.000+05:30,2025-06-23T12:00:00.000+05:30,1001,530.023,373.454,941
2025-06-23T12:38:46.000+05:30,2025-06-23T12:00:00.000+05:30,1001,811.36,578.73,592
2025-06-23T20:22:32.000+05:30,2025-06-23T12:00:00.000+05:30,1001,837.701,662.298,110
2025-06-23T23:40:40.000+05:30,2025-06-23T12:00:00.000+05:30,1001,898.238,463.25,755
2025-06-23T03:25:52.000+05:30,2025-06-23T12:00:00.000+05:30,1001,599.06,543.859,698
2025-06-23T05:24:42.000+05:30,2025-06-23T12:00:00.000+05:30,1001,546.63,787.823,913
2025-06-23T18:47:12.000+05:30,2025-06-23T12:00:00.000+05:30,1001,205.799,696.299,490
2025-06-23T06:23:32.000+05:30,2025-06-23T12:00:00.000+05:30,1001,587.413,304.895,325
2025-06-23T22:59:40.000+05:30,2025-06-23T12:00:00.000+05:30,1001,517.446,437.17,910
2025-06-24T15:05:38.000+05:30,2025-06-24T12:00:00.000+05:30,1001,824.816,524.496,642
2025-06-24T17:23:54.000+05:30,2025-06-24T12:00:00.000+05:30,1001,739.063,562.763,360
2025-06-24T17:47:54.000+05:30,2025-06-24T12:00:00.000+05:30,1001,650.357,709.668,515
2025-06-25T08:59:56.000+05:30,2025-06-25T12:00:00.000+05:30,1001,702.843,490.004,535
2025-06-25T09:01:55.000+05:30,2025-06-25T12:00:00.000+05:30,1001,495.387,451.13,848
2025-06-25T19:40:15.000+05:30,2025-06-25T12:00:00.000+05:30,1001,278.896,783.418,776
2025-06-25T14:31:46.000+05:30,2025-06-25T12:00:00.000+05:30,1001,806.542,745.496,164
2025-06-25T18:14:16.000+05:30,2025-06-25T12:00:00.000+05:30,1001,676.106,708.266,518
2025-06-25T01:21:30.000+05:30,2025-06-25T12:00:00.000+05:30,1001,852.111,338.251,496
2025-06-25T02:34:03.000+05:30,2025-06-25T12:00:00.000+05:30,1001,243.03,530.147,881
2025-06-25T16:14:09.000+05:30,2025-06-25T12:00:00.000+05:30,1001,847.884,714.256,776
2025-06-26T00:21:36.000+05:30,2025-06-26T12:00:00.000+05:30,1001,869.751,375.361,700
2025-05-28T04:57:00.000+05:30,2025-05-28T12:00:00.000+05:30,1002,395.67,425.747,762
2025-05-28T16:04:01.000+05:30,2025-05-28T12:00:00.000+05:30,1002,287.849,614.8,175
2025-05-28T08:01:27.000+05:30,2025-05-28T12:00:00.000+05:30,1002,692.553,596.094,918
2025-05-29T06:38:09.000+05:30,2025-05-29T12:00:00.000+05:30,1002,586.531,483.77,411
2025-05-29T00:21:04.000+05:30,2025-05-29T12:00:00.000+05:30,1002,670.621,514.281,564
2025-05-29T23:51:54.000+05:30,2025-05-29T12:00:00.000+05:30,1002,488.749,799.938,836
2025-05-29T23:42:08.000+05:30,2025-05-29T12:00:00.000+05:30,1002,364.662,673.879,539
2025-05-29T17:52:19.000+05:30,2025-05-29T12:00:00.000+05:30,1002,646.476,499.984,120
2025-05-29T03:22:56.000+05:30,2025-05-29T12:00:00.000+05:30,1002,899.139,335.433,718
2025-05-29T23:18:59.000+05:30,2025-05-29T12:00:00.000+05:30,1002,628.4,504.827,199
2025-05-29T12:30:41.000+05:30,2025-05-29T12:00:00.000+05:30,1002,537.307,735.759,528
2025-05-29T03:14:14.000+05:30,2025-05-29T12:00:00.000+05:30,1002,656.817,723.993,665
2025-05-30T04:45:50.000+05:30,2025-05-30T12:00:00.000+05:30,1002,457.057,799.002,865
2025-05-30T07:26:44.000+05:30,2025-05-30T12:00:00.000+05:30,1002,343.978,587.555,139
2025-05-30T02:02:32.000+05:30,2025-05-30T12:00:00.000+05:30,1002,586.305,417.601,261
2025-05-30T22:53:56.000+05:30,2025-05-30T12:00:00.000+05:30,1002,802.255,570.749,821
2025-05-30T19:38:50.000+05:30,2025-05-30T12:00:00.000+05:30,1002,882.717,670.523,562
2025-05-31T23:28:57.000+05:30,2025-05-31T12:00:00.000+05:30,1002,339.383,353.161,976
2025-05-31T20:33:45.000+05:30,2025-05-31T12:00:00.000+05:30,1002,644.296,309.819,930
2025-05-31T01:01:35.000+05:30,2025-05-31T12:00:00.000+05:30,1002,784.885,499.019,866
2025-05-31T18:45:08.000+05:30,2025-05-31T12:00:00.000+05:30,1002,367.746,435.64,628
2025-05-31T17:22:57.000+05:30,2025-05-31T12:00:00.000+05:30,1002,698.971,373.236,702
2025-05-31T21:50:34.000+05:30,2025-05-31T12:00:00.000+05:30,1002,354.558,316.642,447
2025-05-31T10:34:04.000+05:30,2025-05-31T12:00:00.000+05:30,1002,516.84,427.375,711
2025-05-31T13:45:02.000+05:30,2025-05-31T12:00:00.000+05:30,1002,596.343,401.665,124
2025-06-01T09:03:57.000+05:30,2025-06-01T12:00:00.000+05:30,1002,510.614,343.417,394
2025-06-01T22:36:45.000+05:30,2025-06-01T12:00:00.000+05:30,1002,544.788,673.652,986
2025-06-01T23:30:00.000+05:30,2025-06-01T12:00:00.000+05:30,1002,250.594,484.651,783
2025-06-01T08:53:48.000+05:30,2025-06-01T12:00:00.000+05:30,1002,458.405,430.105,169
2025-06-01T05:07:38.000+05:30,2025-06-01T12:00:00.000+05:30,1002,635.237,705.003,239
2025-06-01T14:12:28.000+05:30,2025-06-01T12:00:00.000+05:30,1002,839.421,654.122,954
2025-06-02T17:31:44.000+05:30,2025-06-02T12:00:00.000+05:30,1002,362.254,667.81,869
2025-06-02T09:38:47.000+05:30,2025-06-02T12:00:00.000+05:30,1002,467.714,514.894,697
2025-06-02T01:47:07.000+05:30,2025-06-02T12:00:00.000+05:30,1002,598.094,396.375,887
2025-06-02T14:42:24.000+05:30,2025-06-02T12:00:00.000+05:30,1002,687.138,749.908,403
2025-06-02T20:25:36.000+05:30,2025-06-02T12:00:00.000+05:30,1002,376.908,789.587,519
2025-06-03T15:00:19.000+05:30,2025-06-03T12:00:00.000+05:30,1002,507.63,359.98,756
2025-06-03T19:32:37.000+05:30,2025-06-03T12:00:00.000+05:30,1002,541.806,408.363,596
2025-06-03T04:36:14.000+05:30,2025-06-03T12:00:00.000+05:30,1002,250.325,685.428,863
2025-06-03T01:33:59.000+05:30,2025-06-03T12:00:00.000+05:30,1002,476.731,437.764,732
2025-06-03T22:44:12.000+05:30,2025-06-03T12:00:00.000+05:30,1002,243.575,531.751,410
2025-06-04T16:20:38.000+05:30,2025-06-04T12:00:00.000+05:30,1002,308.481,520.104,828
2025-06-04T09:54:39.000+05:30,2025-06-04T12:00:00.000+05:30,1002,267.796,335.034,671
2025-06-04T01:20:11.000+05:30,2025-06-04T12:00:00.000+05:30,1002,240.487,461.323,243
2025-06-05T01:55:17.000+05:30,2025-06-05T12:00:00.000+05:30,1002,370.454,577.785,239
2025-06-05T06:23:11.000+05:30,2025-06-05T12:00:00.000+05:30,1002,601.174,717.304,472
2025-06-05T07:13:45.000+05:30,2025-06-05T12:00:00.000+05:30,1002,626.813,450.758,999
2025-06-06T15:36:39.000+05:30,2025-06-06T12:00:00.000+05:30,1002,538.918,615.764,842
2025-06-06T05:50:07.000+05:30,2025-06-06T12:00:00.000+05:30,1002,670.55,358.903,977
2025-06-06T09:14:42.000+05:30,2025-06-06T12:00:00.000+05:30,1002,643.05,407.605,667
2025-06-06T19:28:36.000+05:30,2025-06-06T12:00:00.000+05:30,1002,750.231,330.541,837
2025-06-06T00:49:47.000+05:30,2025-06-06T12:00:00.000+05:30,1002,275.347,563.618,454
2025-06-06T23:20:53.000+05:30,2025-06-06T12:00:00.000+05:30,1002,571.671,580.248,244
2025-06-06T05:22:24.000+05:30,2025-06-06T12:00:00.000+05:30,1002,334.913,618.194,395
2025-06-07T06:01:29.000+05:30,2025-06-07T12:00:00.000+05:30,1002,745.871,472.287,415
2025-06-07T15:42:07.000+05:30,2025-06-07T12:00:00.000+05:30,1002,694.011,697.794,779
2025-06-07T08:38:51.000+05:30,2025-06-07T12:00:00.000+05:30,1002,415.463,339.499,138
2025-06-07T14:23:50.000+05:30,2025-06-07T12:00:00.000+05:30,1002,790.801,400.81,908
2025-06-07T12:29:01.000+05:30,2025-06-07T12:00:00.000+05:30,1002,784.069,409.8,965
2025-06-07T09:18:09.000+05:30,2025-06-07T12:00:00.000+05:30,1002,847.085,316.698,246
2025-06-07T14:25:57.000+05:30,2025-06-07T12:00:00.000+05:30,1002,338.123,497.061,186
2025-06-07T01:16:27.000+05:30,2025-06-07T12:00:00.000+05:30,1002,879.527,581.806,867
2025-06-07T12:09:14.000+05:30,2025-06-07T12:00:00.000+05:30,1002,745.285,759.873,754
2025-06-08T06:24:11.000+05:30,2025-06-08T12:00:00.000+05:30,1002,432.232,784.789,327
2025-06-08T00:46:26.000+05:30,2025-06-08T12:00:00.000+05:30,1002,899.882,448.917,602
2025-06-08T18:40:23.000+05:30,2025-06-08T12:00:00.000+05:30,1002,450.641,678.807,870
2025-06-08T00:17:11.000+05:30,2025-06-08T12:00:00.000+05:30,1002,400.646,546.614,366
2025-06-08T22:17:30.000+05:30,2025-06-08T12:00:00.000+05:30,1002,797.668,330.61,766
2025-06-09T10:42:42.000+05:30,2025-06-09T12:00:00.000+05:30,1002,306.334,562.854,678
2025-06-09T15:34:12.000+05:30,2025-06-09T12:00:00.000+05:30,1002,232.026,578.756,449
2025-06-09T04:10:13.000+05:30,2025-06-09T12:00:00.000+05:30,1002,259.313,661.447,388
2025-06-09T06:30:40.000+05:30,2025-06-09T12:00:00.000+05:30,1002,515.629,669.861,472
2025-06-09T03:03:46.000+05:30,2025-06-09T12:00:00.000+05:30,1002,422.803,505.26,304
2025-06-09T04:01:38.000+05:30,2025-06-09T12:00:00.000+05:30,1002,670.082,754.65,775
2025-06-09T08:31:58.000+05:30,2025-06-09T12:00:00.000+05:30,1002,688.835,757.204,266
2025-06-09T10:03:39.000+05:30,2025-06-09T12:00:00.000+05:30,1002,378.778,692.57,849
2025-06-10T02:21:18.000+05:30,2025-06-10T12:00:00.000+05:30,1002,440.491,499.925,133
2025-06-10T10:41:15.000+05:30,2025-06-10T12:00:00.000+05:30,1002,551.016,744.123,897
2025-06-10T14:54:46.000+05:30,2025-06-10T12:00:00.000+05:30,1002,298.406,676.48,124
2025-06-10T22:07:02.000+05:30,2025-06-10T12:00:00.000+05:30,1002,251.651,784.652,834
2025-06-10T17:26:43.000+05:30,2025-06-10T12:00:00.000+05:30,1002,489.428,719.345,746
2025-06-10T19:34:58.000+05:30,2025-06-10T12:00:00.000+05:30,1002,791.192,699.072,481
2025-06-11T05:36:14.000+05:30,2025-06-11T12:00:00.000+05:30,1002,879.957,688.052,965
2025-06-11T10:21:51.000+05:30,2025-06-11T12:00:00.000+05:30,1002,691.105,376.872,824
2025-06-12T00:28:35.000+05:30,2025-06-12T12:00:00.000+05:30,1002,664.299,453.063,288
2025-06-12T07:09:47.000+05:30,2025-06-12T12:00:00.000+05:30,1002,442.312,510.641,952
2025-06-13T19:23:21.000+05:30,2025-06-13T12:00:00.000+05:30,1002,235.979,686.826,399
2025-06-13T17:04:55.000+05:30,2025-06-13T12:00:00.000+05:30,1002,502.315,660.689,516
2025-06-13T10:19:30.000+05:30,2025-06-13T12:00:00.000+05:30,1002,215.339,606.119,651
2025-06-13T13:09:41.000+05:30,2025-06-13T12:00:00.000+05:30,1002,320.95,515.59,678
2025-06-14T09:12:37.000+05:30,2025-06-14T12:00:00.000+05:30,1002,696.926,772.462,689
2025-06-14T18:21:52.000+05:30,2025-06-14T12:00:00.000+05:30,1002,289.435,523.606,552
2025-06-14T04:46:21.000+05:30,2025-06-14T12:00:00.000+05:30,1002,530.911,761.555,516
2025-06-14T15:56:38.000+05:30,2025-06-14T12:00:00.000+05:30,1002,818.277,722.973,921
2025-06-14T10:43:06.000+05:30,2025-06-14T12:00:00.000+05:30,1002,788.809,522.048,311
2025-06-14T05:16:49.000+05:30,2025-06-14T12:00:00.000+05:30,1002,484.516,388.741,639
2025-06-14T17:12:24.000+05:30,2025-06-14T12:00:00.000+05:30,1002,748.71,362.708,843
2025-06-15T19:24:38.000+05:30,2025-06-15T12:00:00.000+05:30,1002,412.205,654.83,540
2025-06-15T11:58:43.000+05:30,2025-06-15T12:00:00.000+05:30,1002,738.281,332.677,263
2025-06-15T19:21:40.000+05:30,2025-06-15T12:00:00.000+05:30,1002,612.518,774.909,277
2025-06-15T03:19:01.000+05:30,2025-06-15T12:00:00.000+05:30,1002,615.188,498.012,423
2025-06-15T10:16:54.000+05:30,2025-06-15T12:00:00.000+05:30,1002,382.276,654.229,707
2025-06-15T01:18:21.000+05:30,2025-06-15T12:00:00.000+05:30,1002,354.834,362.069,956
2025-06-15T19:29:02.000+05:30,2025-06-15T12:00:00.000+05:30,1002,725.402,333.259,357
2025-06-15T21:30:47.000+05:30,2025-06-15T12:00:00.000+05:30,1002,213.394,668.27,995
2025-06-15T22:30:04.000+05:30,2025-06-15T12:00:00.000+05:30,1002,890.899,729.706,622
2025-06-16T20:18:13.000+05:30,2025-06-16T12:00:00.000+05:30,1002,347.619,672.189,354
2025-06-16T01:59:30.000+05:30,2025-06-16T12:00:00.000+05:30,1002,293.636,670.587,734
2025-06-16T14:28:29.000+05:30,2025-06-16T12:00:00.000+05:30,1002,753.669,332.667,227
2025-06-16T03:56:35.000+05:30,2025-06-16T12:00:00.000+05:30,1002,687.567,560.698,536
2025-06-16T13:39:50.000+05:30,2025-06-16T12:00:00.000+05:30,1002,367.354,735.063,464
2025-06-16T12:43:11.000+05:30,2025-06-16T12:00:00.000+05:30,1002,395.535,545.276,599
2025-06-16T12:28:03.000+05:30,2025-06-16T12:00:00.000+05:30,1002,804.097,454.464,229
2025-06-16T12:39:25.000+05:30,2025-06-16T12:00:00.000+05:30,1002,286.064,734.639,863
2025-06-17T01:59:28.000+05:30,2025-06-17T12:00:00.000+05:30,1002,651.427,511.277,260
2025-06-17T01:41:17.000+05:30,2025-06-17T12:00:00.000+05:30,1002,532.7,505.531,754
2025-06-17T22:04:35.000+05:30,2025-06-17T12:00:00.000+05:30,1002,878.081,655.938,377
2025-06-17T18:28:52.000+05:30,2025-06-17T12:00:00.000+05:30,1002,515.989,341.163,200
2025-06-17T05:45:29.000+05:30,2025-06-17T12:00:00.000+05:30,1002,737.456,330.124,107
2025-06-17T15:07:20.000+05:30,2025-06-17T12:00:00.000+05:30,1002,318.291,647.645,483
2025-06-17T17:36:53.000+05:30,2025-06-17T12:00:00.000+05:30,1002,622.276,739.054,613
2025-06-18T03:39:09.000+05:30,2025-06-18T12:00:00.000+05:30,1002,628.41,522.181,826
2025-06-18T15:37:06.000+05:30,2025-06-18T12:00:00.000+05:30,1002,697.946,344.965,258
2025-06-18T03:25:47.000+05:30,2025-06-18T12:00:00.000+05:30,1002,870.542,447.373,120
2025-06-18T23:31:28.000+05:30,2025-06-18T12:00:00.000+05:30,1002,310.878,425.164,361
2025-06-18T07:55:42.000+05:30,2025-06-18T12:00:00.000+05:30,1002,431.042,714.16,671
2025-06-18T12:10:31.000+05:30,2025-06-18T12:00:00.000+05:30,1002,596.906,537.315,688
2025-06-19T18:20:57.000+05:30,2025-06-19T12:00:00.000+05:30,1002,720.012,764.259,543
2025-06-19T08:45:16.000+05:30,2025-06-19T12:00:00.000+05:30,1002,897.697,306.567,532
2025-06-19T06:41:01.000+05:30,2025-06-19T12:00:00.000+05:30,1002,621.757,340.485,711
2025-06-19T10:52:37.000+05:30,2025-06-19T12:00:00.000+05:30,1002,503.674,755.845,923
2025-06-19T23:51:40.000+05:30,2025-06-19T12:00:00.000+05:30,1002,250.746,529.324,431
2025-06-19T11:20:04.000+05:30,2025-06-19T12:00:00.000+05:30,1002,866.839,502.086,716
2025-06-19T19:18:14.000+05:30,2025-06-19T12:00:00.000+05:30,1002,236.938,346.104,814
2025-06-19T12:32:54.000+05:30,2025-06-19T12:00:00.000+05:30,1002,393.094,437.205,835
2025-06-20T23:40:26.000+05:30,2025-06-20T12:00:00.000+05:30,1002,620.409,750.343,611
2025-06-20T06:44:18.000+05:30,2025-06-20T12:00:00.000+05:30,1002,474.323,400.876,851
2025-06-20T09:25:52.000+05:30,2025-06-20T12:00:00.000+05:30,1002,815.386,592.939,223
2025-06-20T17:35:45.000+05:30,2025-06-20T12:00:00.000+05:30,1002,880.519,590.972,884
2025-06-20T15:08:54.000+05:30,2025-06-20T12:00:00.000+05:30,1002,885.838,356.533,181
2025-06-20T13:50:50.000+05:30,2025-06-20T12:00:00.000+05:30,1002,461.692,344.799,491
2025-06-21T06:50:44.000+05:30,2025-06-21T12:00:00.000+05:30,1002,727.259,464.224,378
2025-06-21T17:37:26.000+05:30,2025-06-21T12:00:00.000+05:30,1002,647.655,520.124,717
2025-06-21T00:23:13.000+05:30,2025-06-21T12:00:00.000+05:30,1002,826.537,738.534,809
2025-06-21T10:20:10.000+05:30,2025-06-21T12:00:00.000+05:30,1002,532.44,788.277,897
2025-06-22T02:54:34.000+05:30,2025-06-22T12:00:00.000+05:30,1002,365.704,328.615,236
2025-06-22T10:59:15.000+05:30,2025-06-22T12:00:00.000+05:30,1002,267.603,526.024,101
2025-06-22T03:15:10.000+05:30,2025-06-22T12:00:00.000+05:30,1002,863.717,768.074,349
2025-06-22T02:36:59.000+05:30,2025-06-22T12:00:00.000+05:30,1002,579.887,677.557,336
2025-06-23T11:15:47.000+05:30,2025-06-23T12:00:00.000+05:30,1002,305.943,668.051,559
2025-06-23T12:27:29.000+05:30,2025-06-23T12:00:00.000+05:30,1002,846.049,505.662,108
2025-06-23T17:41:05.000+05:30,2025-06-23T12:00:00.000+05:30,1002,873.22,648.246,160
2025-06-23T19:47:30.000+05:30,2025-06-23T12:00:00.000+05:30,1002,766.897,411.548,521
2025-06-23T23:36:05.000+05:30,2025-06-23T12:00:00.000+05:30,1002,802.644,438.237,490
2025-06-23T14:50:07.000+05:30,2025-06-23T12:00:00.000+05:30,1002,681.488,559.034,962
2025-06-23T20:04:16.000+05:30,2025-06-23T12:00:00.000+05:30,1002,433.294,564.26,683
2025-06-23T15:48:22.000+05:30,2025-06-23T12:00:00.000+05:30,1002,500.641,609.332,343
2025-06-24T00:56:38.000+05:30,2025-06-24T12:00:00.000+05:30,1002,398.467,786.163,181
2025-06-24T19:20:33.000+05:30,2025-06-24T12:00:00.000+05:30,1002,343.098,442.524,931
2025-06-24T04:36:23.000+05:30,2025-06-24T12:00:00.000+05:30,1002,452.326,500.3,577
2025-06-24T12:23:06.000+05:30,2025-06-24T12:00:00.000+05:30,1002,225.917,374.573,887
2025-06-24T15:17:28.000+05:30,2025-06-24T12:00:00.000+05:30,1002,645.528,569.727,636
2025-06-24T21:37:24.000+05:30,2025-06-24T12:00:00.000+05:30,1002,703.347,340.672,977
2025-06-25T20:22:54.000+05:30,2025-06-25T12:00:00.000+05:30,1002,524.901,385.349,482
2025-06-25T13:30:58.000+05:30,2025-06-25T12:00:00.000+05:30,1002,317.718,793.259,146
2025-06-25T17:34:31.000+05:30,2025-06-25T12:00:00.000+05:30,1002,572.175,650.257,571
2025-06-26T03:03:05.000+05:30,2025-06-26T12:00:00.000+05:30,1002,270.045,458.115,993
2025-05-28T07:21:24.000+05:30,2025-05-28T12:00:00.000+05:30,1003,390.79,595.795,867
2025-05-28T10:18:19.000+05:30,2025-05-28T12:00:00.000+05:30,1003,890.526,537.111,524
2025-05-28T19:32:19.000+05:30,2025-05-28T12:00:00.000+05:30,1003,244.246,520.054,221
2025-05-28T10:37:57.000+05:30,2025-05-28T12:00:00.000+05:30,1003,648.67,543.258,955
2025-05-28T12:48:45.000+05:30,2025-05-28T12:00:00.000+05:30,1003,435.352,642.04,848
2025-05-28T05:35:34.000+05:30,2025-05-28T12:00:00.000+05:30,1003,689.86,726.15,172
2025-05-29T09:41:28.000+05:30,2025-05-29T12:00:00.000+05:30,1003,352.698,601.444,380
2025-05-29T05:16:21.000+05:30,2025-05-29T12:00:00.000+05:30,1003,749.818,668.169,276
2025-05-29T12:12:17.000+05:30,2025-05-29T12:00:00.000+05:30,1003,813.983,666.403,753
2025-05-29T02:22:45.000+05:30,2025-05-29T12:00:00.000+05:30,1003,637.463,406.772,549
2025-05-29T07:12:02.000+05:30,2025-05-29T12:00:00.000+05:30,1003,576.672,521.338,587
2025-05-29T22:15:34.000+05:30,2025-05-29T12:00:00.000+05:30,1003,398.725,374.579,139
2025-05-29T05:51:11.000+05:30,2025-05-29T12:00:00.000+05:30,1003,365.481,351.76,238
2025-05-29T15:50:33.000+05:30,2025-05-29T12:00:00.000+05:30,1003,334.677,574.397,525
2025-05-29T11:21:44.000+05:30,2025-05-29T12:00:00.000+05:30,1003,742.183,460.892,653
2025-05-30T20:53:24.000+05:30,2025-05-30T12:00:00.000+05:30,1003,335.461,682.436,373
2025-05-30T21:45:03.000+05:30,2025-05-30T12:00:00.000+05:30,1003,673.335,347.039,305
2025-05-30T15:56:53.000+05:30,2025-05-30T12:00:00.000+05:30,1003,320.011,491.388,696
2025-05-30T06:29:06.000+05:30,2025-05-30T12:00:00.000+05:30,1003,672.337,380.029,711
2025-05-30T07:19:18.000+05:30,2025-05-30T12:00:00.000+05:30,1003,795.589,572.905,916
2025-05-30T06:34:46.000+05:30,2025-05-30T12:00:00.000+05:30,1003,899.082,513.826,270
2025-05-30T03:04:24.000+05:30,2025-05-30T12:00:00.000+05:30,1003,770.032,337.318,123
2025-05-30T10:39:03.000+05:30,2025-05-30T12:00:00.000+05:30,1003,770.054,462.944,372
2025-05-30T05:18:10.000+05:30,2025-05-30T12:00:00.000+05:30,1003,813.178,732.778,806
2025-05-31T11:46:17.000+05:30,2025-05-31T12:00:00.000+05:30,1003,787.278,575.918,268
2025-05-31T00:26:26.000+05:30,2025-05-31T12:00:00.000+05:30,1003,247.503,334.118,165
2025-05-31T11:37:17.000+05:30,2025-05-31T12:00:00.000+05:30,1003,386.828,371.21,869
2025-05-31T23:00:28.000+05:30,2025-05-31T12:00:00.000+05:30,1003,271.63,774.686,337
2025-05-31T15:11:44.000+05:30,2025-05-31T12:00:00.000+05:30,1003,288.889,783.247,363
2025-06-01T19:46:13.000+05:30,2025-06-01T12:00:00.000+05:30,1003,245.599,425.96,261
2025-06-01T23:05:00.000+05:30,2025-06-01T12:00:00.000+05:30,1003,290.975,467.864,865
2025-06-01T21:45:18.000+05:30,2025-06-01T12:00:00.000+05:30,1003,429.096,710.991,452
2025-06-01T04:10:22.000+05:30,2025-06-01T12:00:00.000+05:30,1003,472.717,772.962,686
2025-06-01T22:20:33.000+05:30,2025-06-01T12:00:00.000+05:30,1003,619.179,418.0,268
2025-06-01T18:45:47.000+05:30,2025-06-01T12:00:00.000+05:30,1003,635.533,317.459,557
2025-06-01T01:15:26.000+05:30,2025-06-01T12:00:00.000+05:30,1003,493.562,608.186,210
2025-06-02T21:46:41.000+05:30,2025-06-02T12:00:00.000+05:30,1003,473.201,727.925,958
2025-06-02T06:59:55.000+05:30,2025-06-02T12:00:00.000+05:30,1003,598.408,389.273,705
2025-06-03T05:13:42.000+05:30,2025-06-03T12:00:00.000+05:30,1003,633.594,682.345,607
2025-06-03T23:14:13.000+05:30,2025-06-03T12:00:00.000+05:30,1003,307.025,362.872,269
2025-06-03T00:21:56.000+05:30,2025-06-03T12:00:00.000+05:30,1003,611.311,424.5,269
2025-06-03T21:49:22.000+05:30,2025-06-03T12:00:00.000+05:30,1003,518.117,461.422,396
2025-06-03T05:34:01.000+05:30,2025-06-03T12:00:00.000+05:30,1003,394.429,720.692,940
2025-06-03T05:53:53.000+05:30,2025-06-03T12:00:00.000+05:30,1003,438.525,746.815,726
2025-06-03T21:02:43.000+05:30,2025-06-03T12:00:00.000+05:30,1003,509.021,488.96,777
2025-06-03T17:36:15.000+05:30,2025-06-03T12:00:00.000+05:30,1003,602.762,687.291,985
2025-06-03T09:15:29.000+05:30,2025-06-03T12:00:00.000+05:30,1003,424.626,738.284,669
2025-06-04T01:38:26.000+05:30,2025-06-04T12:00:00.000+05:30,1003,468.454,599.772,973
2025-06-04T17:26:11.000+05:30,2025-06-04T12:00:00.000+05:30,1003,288.24,706.034,473
2025-06-04T03:04:26.000+05:30,2025-06-04T12:00:00.000+05:30,1003,350.94,532.573,785
2025-06-04T19:08:55.000+05:30,2025-06-04T12:00:00.000+05:30,1003,774.703,309.215,904
2025-06-04T17:49:04.000+05:30,2025-06-04T12:00:00.000+05:30,1003,495.839,758.63,859
2025-06-04T02:07:49.000+05:30,2025-06-04T12:00:00.000+05:30,1003,494.359,489.09,610
2025-06-04T11:19:10.000+05:30,2025-06-04T12:00:00.000+05:30,1003,598.344,672.541,219
2025-06-04T01:06:42.000+05:30,2025-06-04T12:00:00.000+05:30,1003,651.862,556.143,544
2025-06-04T18:53:59.000+05:30,2025-06-04T12:00:00.000+05:30,1003,260.654,369.887,432
2025-06-05T01:39:10.000+05:30,2025-06-05T12:00:00.000+05:30,1003,720.172,530.152,889
2025-06-05T09:46:15.000+05:30,2025-06-05T12:00:00.000+05:30,1003,234.472,417.972,733
2025-06-05T06:07:33.000+05:30,2025-06-05T12:00:00.000+05:30,1003,563.621,380.992,630
2025-06-06T14:45:01.000+05:30,2025-06-06T12:00:00.000+05:30,1003,498.698,407.872,519
2025-06-06T21:21:48.000+05:30,2025-06-06T12:00:00.000+05:30,1003,492.008,556.806,816
2025-06-07T18:41:24.000+05:30,2025-06-07T12:00:00.000+05:30,1003,342.21,664.78,715
2025-06-07T07:39:44.000+05:30,2025-06-07T12:00:00.000+05:30,1003,748.261,612.384,828
2025-06-07T02:26:04.000+05:30,2025-06-07T12:00:00.000+05:30,1003,531.045,529.137,722
2025-06-07T07:51:46.000+05:30,2025-06-07T12:00:00.000+05:30,1003,625.681,618.652,512
2025-06-07T18:39:54.000+05:30,2025-06-07T12:00:00.000+05:30,1003,275.705,668.607,731
2025-06-07T20:40:37.000+05:30,2025-06-07T12:00:00.000+05:30,1003,648.582,316.745,621
2025-06-07T22:39:28.000+05:30,2025-06-07T12:00:00.000+05:30,1003,424.255,363.401,612
2025-06-07T13:36:04.000+05:30,2025-06-07T12:00:00.000+05:30,1003,622.834,541.132,302
2025-06-07T15:33:16.000+05:30,2025-06-07T12:00:00.000+05:30,1003,301.656,678.17,574
2025-06-08T18:35:51.000+05:30,2025-06-08T12:00:00.000+05:30,1003,828.716,430.098,184
2025-06-08T05:46:26.000+05:30,2025-06-08T12:00:00.000+05:30,1003,763.782,626.357,243
2025-06-08T08:01:09.000+05:30,2025-06-08T12:00:00.000+05:30,1003,613.216,636.055,105
2025-06-08T12:10:41.000+05:30,2025-06-08T12:00:00.000+05:30,1003,653.608,646.566,317
2025-06-08T19:51:19.000+05:30,2025-06-08T12:00:00.000+05:30,1003,294.926,561.098,912
2025-06-09T05:21:15.000+05:30,2025-06-09T12:00:00.000+05:30,1003,309.133,567.936,477
2025-06-09T10:43:26.000+05:30,2025-06-09T12:00:00.000+05:30,1003,452.384,557.454,723
2025-06-09T08:23:09.000+05:30,2025-06-09T12:00:00.000+05:30,1003,767.395,628.746,774
2025-06-09T06:53:20.000+05:30,2025-06-09T12:00:00.000+05:30,1003,770.843,340.465,488
2025-06-10T08:42:17.000+05:30,2025-06-10T12:00:00.000+05:30,1003,225.327,727.172,622
2025-06-11T00:37:24.000+05:30,2025-06-11T12:00:00.000+05:30,1003,440.45,576.823,268
2025-06-11T05:25:38.000+05:30,2025-06-11T12:00:00.000+05:30,1003,567.724,668.571,381
2025-06-11T20:59:20.000+05:30,2025-06-11T12:00:00.000+05:30,1003,459.146,694.633,721
2025-06-11T12:21:47.000+05:30,2025-06-11T12:00:00.000+05:30,1003,589.596,407.672,938
2025-06-12T11:34:35.000+05:30,2025-06-12T12:00:00.000+05:30,1003,433.286,331.757,722
2025-06-12T03:55:12.000+05:30,2025-06-12T12:00:00.000+05:30,1003,314.534,482.414,408
2025-06-13T18:10:01.000+05:30,2025-06-13T12:00:00.000+05:30,1003,549.288,600.832,959
2025-06-13T23:42:22.000+05:30,2025-06-13T12:00:00.000+05:30,1003,340.96,593.352,914
2025-06-13T18:20:53.000+05:30,2025-06-13T12:00:00.000+05:30,1003,892.25,707.903,594
2025-06-13T13:41:35.000+05:30,2025-06-13T12:00:00.000+05:30,1003,833.363,326.178,545
2025-06-14T03:06:13.000+05:30,2025-06-14T12:00:00.000+05:30,1003,501.894,796.907,302
2025-06-14T19:59:20.000+05:30,2025-06-14T12:00:00.000+05:30,1003,238.27,406.362,113
2025-06-14T03:09:17.000+05:30,2025-06-14T12:00:00.000+05:30,1003,306.026,777.299,397
2025-06-14T03:50:30.000+05:30,2025-06-14T12:00:00.000+05:30,1003,868.959,700.404,530
2025-06-14T19:41:34.000+05:30,2025-06-14T12:00:00.000+05:30,1003,761.865,457.173,125
2025-06-14T11:35:48.000+05:30,2025-06-14T12:00:00.000+05:30,1003,512.606,417.017,141
2025-06-14T14:37:23.000+05:30,2025-06-14T12:00:00.000+05:30,1003,764.414,523.928,391
2025-06-15T13:40:40.000+05:30,2025-06-15T12:00:00.000+05:30,1003,408.517,351.788,169
2025-06-15T18:32:09.000+05:30,2025-06-15T12:00:00.000+05:30,1003,746.516,417.828,852
2025-06-15T15:40:27.000+05:30,2025-06-15T12:00:00.000+05:30,1003,388.987,528.237,626
2025-06-15T16:37:29.000+05:30,2025-06-15T12:00:00.000+05:30,1003,474.288,525.018,816
2025-06-15T23:39:14.000+05:30,2025-06-15T12:00:00.000+05:30,1003,600.357,396.548,236
2025-06-16T21:14:50.000+05:30,2025-06-16T12:00:00.000+05:30,1003,553.065,722.771,638
2025-06-16T09:30:40.000+05:30,2025-06-16T12:00:00.000+05:30,1003,770.376,584.387,438
2025-06-16T17:44:49.000+05:30,2025-06-16T12:00:00.000+05:30,1003,691.076,524.035,856
2025-06-16T23:52:46.000+05:30,2025-06-16T12:00:00.000+05:30,1003,265.538,505.719,182
2025-06-16T20:35:45.000+05:30,2025-06-16T12:00:00.000+05:30,1003,755.552,509.073,278
2025-06-16T16:16:34.000+05:30,2025-06-16T12:00:00.000+05:30,1003,297.81,691.346,430
2025-06-16T12:25:29.000+05:30,2025-06-16T12:00:00.000+05:30,1003,721.68,598.293,883
2025-06-16T00:04:49.000+05:30,2025-06-16T12:00:00.000+05:30,1003,521.688,679.234,417
2025-06-17T15:31:30.000+05:30,2025-06-17T12:00:00.000+05:30,1003,408.79,648.86,113
2025-06-17T02:25:36.000+05:30,2025-06-17T12:00:00.000+05:30,1003,346.09,611.384,914
2025-06-17T05:14:22.000+05:30,2025-06-17T12:00:00.000+05:30,1003,285.676,565.772,600
2025-06-17T05:55:25.000+05:30,2025-06-17T12:00:00.000+05:30,1003,484.377,724.467,711
2025-06-18T13:17:53.000+05:30,2025-06-18T12:00:00.000+05:30,1003,323.092,593.098,888
2025-06-18T01:05:52.000+05:30,2025-06-18T12:00:00.000+05:30,1003,560.651,574.642,455
2025-06-18T09:46:47.000+05:30,2025-06-18T12:00:00.000+05:30,1003,889.129,452.596,694
2025-06-18T11:45:10.000+05:30,2025-06-18T12:00:00.000+05:30,1003,322.228,544.102,374
2025-06-18T00:07:48.000+05:30,2025-06-18T12:00:00.000+05:30,1003,521.797,623.764,482
2025-06-19T23:36:07.000+05:30,2025-06-19T12:00:00.000+05:30,1003,445.171,371.834,692
2025-06-19T15:57:24.000+05:30,2025-06-19T12:00:00.000+05:30,1003,826.821,377.759,247
2025-06-19T01:53:50.000+05:30,2025-06-19T12:00:00.000+05:30,1003,223.565,447.433,809
2025-06-19T06:22:19.000+05:30,2025-06-19T12:00:00.000+05:30,1003,428.255,414.813,159
2025-06-19T21:22:52.000+05:30,2025-06-19T12:00:00.000+05:30,1003,213.837,300.95,478
2025-06-19T09:01:28.000+05:30,2025-06-19T12:00:00.000+05:30,1003,263.005,461.988,271
2025-06-20T07:29:27.000+05:30,2025-06-20T12:00:00.000+05:30,1003,817.101,477.879,202
2025-06-20T06:54:57.000+05:30,2025-06-20T12:00:00.000+05:30,1003,834.696,422.413,144
2025-06-20T23:24:41.000+05:30,2025-06-20T12:00:00.000+05:30,1003,437.515,754.444,912
2025-06-20T04:58:22.000+05:30,2025-06-20T12:00:00.000+05:30,1003,495.523,384.216,537
2025-06-20T21:21:04.000+05:30,2025-06-20T12:00:00.000+05:30,1003,342.286,519.983,618
2025-06-21T02:37:14.000+05:30,2025-06-21T12:00:00.000+05:30,1003,699.422,730.136,404
2025-06-21T21:14:59.000+05:30,2025-06-21T12:00:00.000+05:30,1003,363.871,340.449,726
2025-06-21T19:30:15.000+05:30,2025-06-21T12:00:00.000+05:30,1003,508.163,520.431,513
2025-06-21T21:42:51.000+05:30,2025-06-21T12:00:00.000+05:30,1003,557.937,302.824,610
2025-06-21T22:59:37.000+05:30,2025-06-21T12:00:00.000+05:30,1003,733.014,516.099,562
2025-06-21T17:22:51.000+05:30,2025-06-21T12:00:00.000+05:30,1003,885.603,773.094,269
2025-06-22T15:25:17.000+05:30,2025-06-22T12:00:00.000+05:30,1003,386.96,648.871,820
2025-06-22T20:56:01.000+05:30,2025-06-22T12:00:00.000+05:30,1003,281.929,502.978,278
2025-06-22T18:36:55.000+05:30,2025-06-22T12:00:00.000+05:30,1003,435.264,732.596,747
2025-06-23T23:17:06.000+05:30,2025-06-23T12:00:00.000+05:30,1003,707.724,383.404,373
2025-06-24T02:09:35.000+05:30,2025-06-24T12:00:00.000+05:30,1003,566.469,768.68,404
2025-06-24T03:47:57.000+05:30,2025-06-24T12:00:00.000+05:30,1003,637.203,513.277,449
2025-06-24T13:19:42.000+05:30,2025-06-24T12:00:00.000+05:30,1003,702.577,567.173,265
2025-06-24T01:10:55.000+05:30,2025-06-24T12:00:00.000+05:30,1003,654.339,755.181,671
2025-06-25T06:58:44.000+05:30,2025-06-25T12:00:00.000+05:30,1003,475.149,604.069,483
2025-06-26T09:56:15.000+05:30,2025-06-26T12:00:00.000+05:30,1003,380.054,350.03,516
2025-06-26T14:29:16.000+05:30,2025-06-26T12:00:00.000+05:30,1003,512.376,515.133,779
2025-05-28T03:40:27.000+05:30,2025-05-28T12:00:00.000+05:30,1004,224.033,410.002,996
2025-05-28T00:19:05.000+05:30,2025-05-28T12:00:00.000+05:30,1004,841.752,320.945,848
2025-05-28T11:12:33.000+05:30,2025-05-28T12:00:00.000+05:30,1004,540.09,314.381,286
2025-05-29T23:57:19.000+05:30,2025-05-29T12:00:00.000+05:30,1004,410.96,436.874,237
2025-05-29T05:14:07.000+05:30,2025-05-29T12:00:00.000+05:30,1004,619.23,324.014,505
2025-05-29T23:32:27.000+05:30,2025-05-29T12:00:00.000+05:30,1004,566.787,775.961,210
2025-05-29T14:37:51.000+05:30,2025-05-29T12:00:00.000+05:30,1004,625.167,645.901,473
2025-05-29T01:14:20.000+05:30,2025-05-29T12:00:00.000+05:30,1004,640.264,507.87,573
2025-05-29T04:34:01.000+05:30,2025-05-29T12:00:00.000+05:30,1004,776.309,613.302,843
2025-05-29T10:45:38.000+05:30,2025-05-29T12:00:00.000+05:30,1004,258.876,520.958,270
2025-05-29T14:31:22.000+05:30,2025-05-29T12:00:00.000+05:30,1004,206.858,527.094,895
2025-05-29T18:44:54.000+05:30,2025-05-29T12:00:00.000+05:30,1004,721.991,648.938,844
2025-05-30T16:20:50.000+05:30,2025-05-30T12:00:00.000+05:30,1004,397.085,379.98,328
2025-05-30T00:33:32.000+05:30,2025-05-30T12:00:00.000+05:30,1004,538.713,651.991,957
2025-05-30T02:47:10.000+05:30,2025-05-30T12:00:00.000+05:30,1004,225.907,512.79,391
2025-05-30T21:25:29.000+05:30,2025-05-30T12:00:00.000+05:30,1004,455.143,483.836,598
2025-05-30T12:49:53.000+05:30,2025-05-30T12:00:00.000+05:30,1004,602.01,573.439,952
2025-05-30T18:59:50.000+05:30,2025-05-30T12:00:00.000+05:30,1004,220.496,427.415,368
2025-05-30T12:37:24.000+05:30,2025-05-30T12:00:00.000+05:30,1004,864.233,713.794,205
2025-05-30T02:55:31.000+05:30,2025-05-30T12:00:00.000+05:30,1004,853.067,605.201,991
2025-05-30T06:57:00.000+05:30,2025-05-30T12:00:00.000+05:30,1004,775.502,563.509,522
2025-05-31T11:52:16.000+05:30,2025-05-31T12:00:00.000+05:30,1004,786.681,423.104,981
2025-05-31T11:23:35.000+05:30,2025-05-31T12:00:00.000+05:30,1004,789.91,325.656,472
2025-05-31T03:38:07.000+05:30,2025-05-31T12:00:00.000+05:30,1004,338.833,759.973,187
2025-05-31T22:27:33.000+05:30,2025-05-31T12:00:00.000+05:30,1004,796.632,565.426,721
2025-05-31T13:12:24.000+05:30,2025-05-31T12:00:00.000+05:30,1004,665.457,324.951,928
2025-06-01T14:03:01.000+05:30,2025-06-01T12:00:00.000+05:30,1004,853.009,465.288,647
2025-06-01T06:31:24.000+05:30,2025-06-01T12:00:00.000+05:30,1004,670.092,686.385,918
2025-06-01T04:00:25.000+05:30,2025-06-01T12:00:00.000+05:30,1004,839.57,433.004,269
2025-06-02T22:25:03.000+05:30,2025-06-02T12:00:00.000+05:30,1004,561.328,469.811,260
2025-06-02T23:20:24.000+05:30,2025-06-02T12:00:00.000+05:30,1004,354.813,620.012,632
2025-06-02T09:29:15.000+05:30,2025-06-02T12:00:00.000+05:30,1004,346.841,392.522,700
2025-06-02T15:14:00.000+05:30,2025-06-02T12:00:00.000+05:30,1004,532.36,412.533,139
2025-06-02T19:42:01.000+05:30,2025-06-02T12:00:00.000+05:30,1004,580.934,602.003,187
2025-06-02T22:47:24.000+05:30,2025-06-02T12:00:00.000+05:30,1004,216.077,348.179,533
2025-06-02T04:34:28.000+05:30,2025-06-02T12:00:00.000+05:30,1004,526.979,532.491,881
2025-06-02T22:53:44.000+05:30,2025-06-02T12:00:00.000+05:30,1004,810.544,503.854,165
2025-06-02T01:56:46.000+05:30,2025-06-02T12:00:00.000+05:30,1004,759.501,716.962,229
2025-06-03T05:28:08.000+05:30,2025-06-03T12:00:00.000+05:30,1004,471.483,710.396,900
2025-06-03T09:41:20.000+05:30,2025-06-03T12:00:00.000+05:30,1004,435.771,467.174,845
2025-06-03T16:52:00.000+05:30,2025-06-03T12:00:00.000+05:30,1004,754.806,627.259,952
2025-06-03T02:36:42.000+05:30,2025-06-03T12:00:00.000+05:30,1004,617.214,796.115,922
2025-06-03T17:42:55.000+05:30,2025-06-03T12:00:00.000+05:30,1004,745.832,401.055,507
2025-06-04T23:57:17.000+05:30,2025-06-04T12:00:00.000+05:30,1004,456.287,458.599,996
2025-06-04T04:20:30.000+05:30,2025-06-04T12:00:00.000+05:30,1004,401.437,396.226,644
2025-06-04T08:35:23.000+05:30,2025-06-04T12:00:00.000+05:30,1004,724.986,781.516,728
2025-06-04T11:21:28.000+05:30,2025-06-04T12:00:00.000+05:30,1004,855.533,436.737,271
2025-06-04T04:14:43.000+05:30,2025-06-04T12:00:00.000+05:30,1004,837.824,501.238,906
2025-06-04T13:44:46.000+05:30,2025-06-04T12:00:00.000+05:30,1004,241.414,683.105,806
2025-06-05T03:52:29.000+05:30,2025-06-05T12:00:00.000+05:30,1004,830.651,752.067,395
2025-06-05T00:25:16.000+05:30,2025-06-05T12:00:00.000+05:30,1004,718.174,372.485,242
2025-06-05T20:38:54.000+05:30,2025-06-05T12:00:00.000+05:30,1004,633.785,477.404,791
2025-06-05T17:40:48.000+05:30,2025-06-05T12:00:00.000+05:30,1004,535.507,657.909,149
2025-06-05T15:02:00.000+05:30,2025-06-05T12:00:00.000+05:30,1004,865.421,695.555,246
2025-06-05T14:19:32.000+05:30,2025-06-05T12:00:00.000+05:30,1004,602.905,588.37,553
2025-06-05T17:52:44.000+05:30,2025-06-05T12:00:00.000+05:30,1004,445.438,611.631,202
2025-06-05T06:54:21.000+05:30,2025-06-05T12:00:00.000+05:30,1004,407.854,716.279,889
2025-06-06T16:22:54.000+05:30,2025-06-06T12:00:00.000+05:30,1004,633.622,654.056,450
2025-06-06T05:49:24.000+05:30,2025-06-06T12:00:00.000+05:30,1004,557.894,628.963,278
2025-06-06T07:07:30.000+05:30,2025-06-06T12:00:00.000+05:30,1004,652.264,789.527,304
2025-06-06T13:44:01.000+05:30,2025-06-06T12:00:00.000+05:30,1004,250.977,704.117,139
2025-06-07T21:36:58.000+05:30,2025-06-07T12:00:00.000+05:30,1004,885.234,445.422,405
2025-06-07T20:24:00.000+05:30,2025-06-07T12:00:00.000+05:30,1004,614.161,498.399,199
2025-06-07T19:24:31.000+05:30,2025-06-07T12:00:00.000+05:30,1004,330.892,352.102,399
2025-06-07T07:14:15.000+05:30,2025-06-07T12:00:00.000+05:30,1004,665.777,570.826,804
2025-06-08T12:07:00.000+05:30,2025-06-08T12:00:00.000+05:30,1004,783.586,752.132,346
2025-06-08T04:33:12.000+05:30,2025-06-08T12:00:00.000+05:30,1004,329.451,372.819,540
2025-06-08T18:45:15.000+05:30,2025-06-08T12:00:00.000+05:30,1004,328.104,630.365,444
2025-06-08T22:31:49.000+05:30,2025-06-08T12:00:00.000+05:30,1004,425.814,377.779,722
2025-06-08T09:51:20.000+05:30,2025-06-08T12:00:00.000+05:30,1004,510.229,591.318,265
2025-06-09T07:29:06.000+05:30,2025-06-09T12:00:00.000+05:30,1004,675.135,723.615,352
2025-06-09T14:33:51.000+05:30,2025-06-09T12:00:00.000+05:30,1004,624.936,461.968,767
2025-06-10T21:57:44.000+05:30,2025-06-10T12:00:00.000+05:30,1004,673.82,683.387,732
2025-06-10T13:08:08.000+05:30,2025-06-10T12:00:00.000+05:30,1004,354.148,711.416,965
2025-06-11T11:59:45.000+05:30,2025-06-11T12:00:00.000+05:30,1004,335.749,677.45,721
2025-06-11T00:06:14.000+05:30,2025-06-11T12:00:00.000+05:30,1004,281.378,358.622,417
2025-06-11T13:04:15.000+05:30,2025-06-11T12:00:00.000+05:30,1004,822.053,574.533,633
2025-06-11T08:41:24.000+05:30,2025-06-11T12:00:00.000+05:30,1004,312.007,744.939,671
2025-06-11T07:39:57.000+05:30,2025-06-11T12:00:00.000+05:30,1004,768.612,371.786,790
2025-06-11T14:05:28.000+05:30,2025-06-11T12:00:00.000+05:30,1004,393.039,612.665,135
2025-06-12T13:04:40.000+05:30,2025-06-12T12:00:00.000+05:30,1004,390.408,767.354,907
2025-06-12T16:31:47.000+05:30,2025-06-12T12:00:00.000+05:30,1004,344.714,741.939,931
2025-06-12T06:51:48.000+05:30,2025-06-12T12:00:00.000+05:30,1004,626.622,669.886,883
2025-06-12T20:13:24.000+05:30,2025-06-12T12:00:00.000+05:30,1004,224.973,618.881,953
2025-06-12T05:35:13.000+05:30,2025-06-12T12:00:00.000+05:30,1004,660.182,674.925,350
2025-06-12T07:24:21.000+05:30,2025-06-12T12:00:00.000+05:30,1004,552.69,324.633,539
2025-06-12T17:27:20.000+05:30,2025-06-12T12:00:00.000+05:30,1004,411.038,547.31,958
2025-06-13T15:32:58.000+05:30,2025-06-13T12:00:00.000+05:30,1004,368.449,394.016,431
2025-06-13T07:01:34.000+05:30,2025-06-13T12:00:00.000+05:30,1004,443.59,651.904,417
2025-06-13T22:23:35.000+05:30,2025-06-13T12:00:00.000+05:30,1004,420.289,695.361,398
2025-06-13T03:40:20.000+05:30,2025-06-13T12:00:00.000+05:30,1004,845.428,305.388,782
2025-06-13T18:55:09.000+05:30,2025-06-13T12:00:00.000+05:30,1004,703.854,316.05,751
2025-06-14T09:28:23.000+05:30,2025-06-14T12:00:00.000+05:30,1004,308.181,757.693,764
2025-06-14T03:35:14.000+05:30,2025-06-14T12:00:00.000+05:30,1004,248.538,710.317,282
2025-06-14T16:24:25.000+05:30,2025-06-14T12:00:00.000+05:30,1004,540.872,329.839,608
2025-06-14T16:56:41.000+05:30,2025-06-14T12:00:00.000+05:30,1004,694.664,481.859,855
2025-06-14T18:54:56.000+05:30,2025-06-14T12:00:00.000+05:30,1004,656.357,506.14,547
2025-06-14T00:03:31.000+05:30,2025-06-14T12:00:00.000+05:30,1004,384.987,372.05,243
2025-06-15T14:11:30.000+05:30,2025-06-15T12:00:00.000+05:30,1004,721.777,674.045,602
2025-06-15T06:17:58.000+05:30,2025-06-15T12:00:00.000+05:30,1004,790.384,717.059,482
2025-06-15T17:34:34.000+05:30,2025-06-15T12:00:00.000+05:30,1004,388.238,730.166,605
2025-06-15T09:35:44.000+05:30,2025-06-15T12:00:00.000+05:30,1004,368.281,331.25,863
2025-06-15T02:10:57.000+05:30,2025-06-15T12:00:00.000+05:30,1004,836.316,682.919,609
2025-06-15T23:29:48.000+05:30,2025-06-15T12:00:00.000+05:30,1004,439.076,703.408,430
2025-06-15T00:48:12.000+05:30,2025-06-15T12:00:00.000+05:30,1004,531.802,383.264,131
2025-06-15T16:26:12.000+05:30,2025-06-15T12:00:00.000+05:30,1004,521.884,695.091,528
2025-06-15T02:44:03.000+05:30,2025-06-15T12:00:00.000+05:30,1004,432.796,356.787,646
2025-06-16T14:14:01.000+05:30,2025-06-16T12:00:00.000+05:30,1004,861.224,449.663,412
2025-06-16T17:16:58.000+05:30,2025-06-16T12:00:00.000+05:30,1004,253.804,673.076,757
2025-06-16T05:59:25.000+05:30,2025-06-16T12:00:00.000+05:30,1004,262.525,794.513,481
2025-06-16T22:21:39.000+05:30,2025-06-16T12:00:00.000+05:30,1004,708.105,386.076,524
2025-06-17T08:15:44.000+05:30,2025-06-17T12:00:00.000+05:30,1004,803.869,601.407,928
2025-06-17T20:57:51.000+05:30,2025-06-17T12:00:00.000+05:30,1004,466.394,411.646,462
2025-06-17T07:45:12.000+05:30,2025-06-17T12:00:00.000+05:30,1004,737.844,345.74,746
2025-06-17T22:38:43.000+05:30,2025-06-17T12:00:00.000+05:30,1004,712.506,455.822,791
2025-06-17T18:14:03.000+05:30,2025-06-17T12:00:00.000+05:30,1004,632.551,326.6,364
2025-06-17T16:54:02.000+05:30,2025-06-17T12:00:00.000+05:30,1004,871.96,647.295,312
2025-06-17T12:06:53.000+05:30,2025-06-17T12:00:00.000+05:30,1004,816.505,698.01,525
2025-06-17T23:55:07.000+05:30,2025-06-17T12:00:00.000+05:30,1004,506.401,518.268,829
2025-06-18T14:32:36.000+05:30,2025-06-18T12:00:00.000+05:30,1004,663.446,739.303,621
2025-06-18T02:42:30.000+05:30,2025-06-18T12:00:00.000+05:30,1004,419.625,716.277,604
2025-06-18T09:20:42.000+05:30,2025-06-18T12:00:00.000+05:30,1004,423.598,538.695,764
2025-06-18T22:54:09.000+05:30,2025-06-18T12:00:00.000+05:30,1004,237.366,345.835,639
2025-06-18T22:31:22.000+05:30,2025-06-18T12:00:00.000+05:30,1004,302.57,428.845,165
2025-06-18T06:43:15.000+05:30,2025-06-18T12:00:00.000+05:30,1004,666.578,339.72,245
2025-06-18T08:01:36.000+05:30,2025-06-18T12:00:00.000+05:30,1004,734.885,303.644,321
2025-06-19T13:10:39.000+05:30,2025-06-19T12:00:00.000+05:30,1004,787.881,713.662,624
2025-06-19T08:04:00.000+05:30,2025-06-19T12:00:00.000+05:30,1004,582.849,489.865,830
2025-06-19T11:44:06.000+05:30,2025-06-19T12:00:00.000+05:30,1004,277.055,396.688,765
2025-06-19T11:05:17.000+05:30,2025-06-19T12:00:00.000+05:30,1004,546.978,763.961,328
2025-06-19T12:20:16.000+05:30,2025-06-19T12:00:00.000+05:30,1004,215.709,558.06,124
2025-06-19T09:40:50.000+05:30,2025-06-19T12:00:00.000+05:30,1004,815.916,456.454,922
2025-06-19T11:37:20.000+05:30,2025-06-19T12:00:00.000+05:30,1004,734.457,560.087,319
2025-06-19T22:48:40.000+05:30,2025-06-19T12:00:00.000+05:30,1004,317.837,798.144,507
2025-06-20T09:22:16.000+05:30,2025-06-20T12:00:00.000+05:30,1004,788.729,735.735,959
2025-06-20T11:19:45.000+05:30,2025-06-20T12:00:00.000+05:30,1004,626.546,425.972,883
2025-06-20T04:38:19.000+05:30,2025-06-20T12:00:00.000+05:30,1004,606.756,518.629,244
2025-06-20T03:58:49.000+05:30,2025-06-20T12:00:00.000+05:30,1004,542.287,460.834,410
2025-06-21T13:51:26.000+05:30,2025-06-21T12:00:00.000+05:30,1004,597.507,575.097,583
2025-06-21T16:39:09.000+05:30,2025-06-21T12:00:00.000+05:30,1004,263.127,563.354,368
2025-06-21T01:54:07.000+05:30,2025-06-21T12:00:00.000+05:30,1004,651.126,681.296,495
2025-06-21T11:02:31.000+05:30,2025-06-21T12:00:00.000+05:30,1004,200.52,429.083,109
2025-06-21T17:03:13.000+05:30,2025-06-21T12:00:00.000+05:30,1004,885.947,430.397,980
2025-06-21T19:39:40.000+05:30,2025-06-21T12:00:00.000+05:30,1004,595.466,339.195,239
2025-06-21T02:24:16.000+05:30,2025-06-21T12:00:00.000+05:30,1004,305.204,451.464,261
2025-06-21T19:54:08.000+05:30,2025-06-21T12:00:00.000+05:30,1004,292.281,341.218,406
2025-06-21T12:56:25.000+05:30,2025-06-21T12:00:00.000+05:30,1004,801.846,396.592,239
2025-06-22T03:27:45.000+05:30,2025-06-22T12:00:00.000+05:30,1004,553.231,425.682,652
2025-06-22T08:39:31.000+05:30,2025-06-22T12:00:00.000+05:30,1004,271.327,530.647,716
2025-06-23T04:35:52.000+05:30,2025-06-23T12:00:00.000+05:30,1004,292.583,780.908,857
2025-06-23T14:45:44.000+05:30,2025-06-23T12:00:00.000+05:30,1004,251.54,720.369,336
2025-06-23T06:19:09.000+05:30,2025-06-23T12:00:00.000+05:30,1004,887.112,500.554,730
2025-06-23T01:19:05.000+05:30,2025-06-23T12:00:00.000+05:30,1004,746.59,493.54,382
2025-06-24T05:26:20.000+05:30,2025-06-24T12:00:00.000+05:30,1004,565.934,551.514,421
2025-06-24T02:36:00.000+05:30,2025-06-24T12:00:00.000+05:30,1004,639.215,330.519,435
2025-06-24T00:03:41.000+05:30,2025-06-24T12:00:00.000+05:30,1004,851.446,428.524,646
2025-06-24T23:41:17.000+05:30,2025-06-24T12:00:00.000+05:30,1004,526.007,640.714,253
2025-06-24T21:50:51.000+05:30,2025-06-24T12:00:00.000+05:30,1004,821.245,588.172,175
2025-06-24T08:56:48.000+05:30,2025-06-24T12:00:00.000+05:30,1004,431.112,316.919,852
2025-06-24T03:49:42.000+05:30,2025-06-24T12:00:00.000+05:30,1004,672.827,468.191,358
2025-06-24T05:23:35.000+05:30,2025-06-24T12:00:00.000+05:30,1004,750.539,792.577,790
2025-06-24T07:08:07.000+05:30,2025-06-24T12:00:00.000+05:30,1004,255.768,548.175,863
2025-06-25T17:42:02.000+05:30,2025-06-25T12:00:00.000+05:30,1004,862.009,391.541,945
2025-06-25T14:52:12.000+05:30,2025-06-25T12:00:00.000+05:30,1004,487.343,747.684,701
2025-06-25T04:24:40.000+05:30,2025-06-25T12:00:00.000+05:30,1004,655.75,788.607,355
2025-06-25T23:53:30.000+05:30,2025-06-25T12:00:00.000+05:30,1004,888.074,629.13,237
2025-06-25T14:01:50.000+05:30,2025-06-25T12:00:00.000+05:30,1004,755.48,587.777,949
2025-06-26T08:16:59.000+05:30,2025-06-26T12:00:00.000+05:30,1004,287.68,409.092,676
2025-06-26T08:11:15.000+05:30,2025-06-26T12:00:00.000+05:30,1004,210.244,473.053,199
2025-06-26T23:32:58.000+05:30,2025-06-26T12:00:00.000+05:30,1004,892.11,444.005,904
2025-06-26T03:18:54.000+05:30,2025-06-26T12:00:00.000+05:30,1004,438.034,325.872,844
2025-06-26T19:04:27.000+05:30,2025-06-26T12:00:00.000+05:30,1004,273.949,673.247,724
2025-06-26T22:13:28.000+05:30,2025-06-26T12:00:00.000+05:30,1004,342.005,675.674,777
2025-06-26T07:03:48.000+05:30,2025-06-26T12:00:00.000+05:30,1004,624.911,647.191,792
2025-06-26T06:32:22.000+05:30,2025-06-26T12:00:00.000+05:30,1004,847.236,661.314,330